{
	"BUILD_DIR" : "C:/Users/veltr/Desktop/build-ProjectGenerator-Desktop_Qt_6_5_1_MinGW_64_bit-Debug/ProjectGenerator_autogen",
	"CMAKE_BINARY_DIR" : "C:/Users/veltr/Desktop/build-ProjectGenerator-Desktop_Qt_6_5_1_MinGW_64_bit-Debug",
	"CMAKE_CURRENT_BINARY_DIR" : "C:/Users/veltr/Desktop/build-ProjectGenerator-Desktop_Qt_6_5_1_MinGW_64_bit-Debug",
	"CMAKE_CURRENT_SOURCE_DIR" : "C:/Users/veltr/Desktop/QT-Projects/ProjectGenerator",
	"CMAKE_SOURCE_DIR" : "C:/Users/veltr/Desktop/QT-Projects/ProjectGenerator",
	"INCLUDE_DIR" : "C:/Users/veltr/Desktop/build-ProjectGenerator-Desktop_Qt_6_5_1_MinGW_64_bit-Debug/ProjectGenerator_autogen/include",
	"INPUTS" : 
	[
		"C:/Users/veltr/Desktop/QT-Projects/ProjectGenerator/ProjectGenerator.jpg",
		"C:/Users/veltr/Desktop/QT-Projects/ProjectGenerator/Help.md"
	],
	"LOCK_FILE" : "C:/Users/veltr/Desktop/build-ProjectGenerator-Desktop_Qt_6_5_1_MinGW_64_bit-Debug/CMakeFiles/ProjectGenerator_autogen.dir/AutoRcc_resources_EWIEGA46WW_Lock.lock",
	"MULTI_CONFIG" : false,
	"OPTIONS" : [ "-name", "resources" ],
	"OUTPUT_CHECKSUM" : "EWIEGA46WW",
	"OUTPUT_NAME" : "qrc_resources.cpp",
	"RCC_EXECUTABLE" : "C:/Qt/6.5.1/mingw_64/./bin/rcc.exe",
	"RCC_LIST_OPTIONS" : [ "--list" ],
	"SETTINGS_FILE" : "C:/Users/veltr/Desktop/build-ProjectGenerator-Desktop_Qt_6_5_1_MinGW_64_bit-Debug/CMakeFiles/ProjectGenerator_autogen.dir/AutoRcc_resources_EWIEGA46WW_Used.txt",
	"SOURCE" : "C:/Users/veltr/Desktop/QT-Projects/ProjectGenerator/resources.qrc",
	"VERBOSITY" : 0
}
