{
	"BUILD_DIR" : "C:/Users/veltr/Desktop/build-ProjectGenerator-Desktop_Qt_6_5_1_MinGW_64_bit-Debug/ProjectGenerator_autogen",
	"CMAKE_BINARY_DIR" : "C:/Users/veltr/Desktop/build-ProjectGenerator-Desktop_Qt_6_5_1_MinGW_64_bit-Debug",
	"CMAKE_CURRENT_BINARY_DIR" : "C:/Users/veltr/Desktop/build-ProjectGenerator-Desktop_Qt_6_5_1_MinGW_64_bit-Debug",
	"CMAKE_CURRENT_SOURCE_DIR" : "C:/Users/veltr/Desktop/QT-Projects/ProjectGenerator",
	"CMAKE_EXECUTABLE" : "C:/Qt/Tools/CMake_64/bin/cmake.exe",
	"CMAKE_LIST_FILES" : 
	[
		"C:/Users/veltr/Desktop/QT-Projects/ProjectGenerator/CMakeLists.txt",
		"C:/Users/veltr/Desktop/build-ProjectGenerator-Desktop_Qt_6_5_1_MinGW_64_bit-Debug/.qtc/package-manager/auto-setup.cmake",
		"C:/Users/veltr/Desktop/build-ProjectGenerator-Desktop_Qt_6_5_1_MinGW_64_bit-Debug/CMakeFiles/3.24.2/CMakeSystem.cmake",
		"C:/Qt/Tools/CMake_64/share/cmake-3.24/Modules/CMakeSystemSpecificInitialize.cmake",
		"C:/Users/veltr/Desktop/build-ProjectGenerator-Desktop_Qt_6_5_1_MinGW_64_bit-Debug/CMakeFiles/3.24.2/CMakeCXXCompiler.cmake",
		"C:/Qt/Tools/CMake_64/share/cmake-3.24/Modules/CMakeSystemSpecificInformation.cmake",
		"C:/Qt/Tools/CMake_64/share/cmake-3.24/Modules/CMakeGenericSystem.cmake",
		"C:/Qt/Tools/CMake_64/share/cmake-3.24/Modules/CMakeInitializeConfigs.cmake",
		"C:/Qt/Tools/CMake_64/share/cmake-3.24/Modules/Platform/Windows.cmake",
		"C:/Qt/Tools/CMake_64/share/cmake-3.24/Modules/Platform/WindowsPaths.cmake",
		"C:/Qt/Tools/CMake_64/share/cmake-3.24/Modules/CMakeCXXInformation.cmake",
		"C:/Qt/Tools/CMake_64/share/cmake-3.24/Modules/CMakeLanguageInformation.cmake",
		"C:/Qt/Tools/CMake_64/share/cmake-3.24/Modules/Compiler/GNU-CXX.cmake",
		"C:/Qt/Tools/CMake_64/share/cmake-3.24/Modules/Compiler/GNU.cmake",
		"C:/Qt/Tools/CMake_64/share/cmake-3.24/Modules/Compiler/CMakeCommonCompilerMacros.cmake",
		"C:/Qt/Tools/CMake_64/share/cmake-3.24/Modules/Platform/Windows-GNU-CXX.cmake",
		"C:/Qt/Tools/CMake_64/share/cmake-3.24/Modules/Platform/Windows-GNU.cmake",
		"C:/Users/veltr/Desktop/build-ProjectGenerator-Desktop_Qt_6_5_1_MinGW_64_bit-Debug/CMakeFiles/3.24.2/CMakeRCCompiler.cmake",
		"C:/Qt/Tools/CMake_64/share/cmake-3.24/Modules/CMakeRCInformation.cmake",
		"C:/Qt/Tools/CMake_64/share/cmake-3.24/Modules/Platform/Windows-windres.cmake",
		"C:/Qt/Tools/CMake_64/share/cmake-3.24/Modules/Platform/Windows-GNU-CXX-ABI.cmake",
		"C:/Qt/Tools/CMake_64/share/cmake-3.24/Modules/CMakeCommonLanguageInclude.cmake",
		"C:/Qt/6.5.1/mingw_64/lib/cmake/Qt6/Qt6ConfigVersion.cmake",
		"C:/Qt/6.5.1/mingw_64/lib/cmake/Qt6/Qt6ConfigVersionImpl.cmake",
		"C:/Qt/6.5.1/mingw_64/lib/cmake/Qt6/Qt6Config.cmake",
		"C:/Qt/6.5.1/mingw_64/lib/cmake/Qt6/Qt6ConfigExtras.cmake",
		"C:/Qt/6.5.1/mingw_64/lib/cmake/Qt6/QtPublicCMakeVersionHelpers.cmake",
		"C:/Qt/6.5.1/mingw_64/lib/cmake/Qt6/Qt6Targets.cmake",
		"C:/Qt/6.5.1/mingw_64/lib/cmake/Qt6/Qt6VersionlessTargets.cmake",
		"C:/Qt/6.5.1/mingw_64/lib/cmake/Qt6/QtFeature.cmake",
		"C:/Qt/6.5.1/mingw_64/lib/cmake/Qt6/QtFeatureCommon.cmake",
		"C:/Qt/Tools/CMake_64/share/cmake-3.24/Modules/CheckCXXCompilerFlag.cmake",
		"C:/Qt/Tools/CMake_64/share/cmake-3.24/Modules/CheckCXXSourceCompiles.cmake",
		"C:/Qt/Tools/CMake_64/share/cmake-3.24/Modules/Internal/CheckSourceCompiles.cmake",
		"C:/Qt/Tools/CMake_64/share/cmake-3.24/Modules/Internal/CheckCompilerFlag.cmake",
		"C:/Qt/Tools/CMake_64/share/cmake-3.24/Modules/Internal/CheckFlagCommonConfig.cmake",
		"C:/Qt/Tools/CMake_64/share/cmake-3.24/Modules/Internal/CheckSourceCompiles.cmake",
		"C:/Qt/Tools/CMake_64/share/cmake-3.24/Modules/CMakeCheckCompilerFlagCommonPatterns.cmake",
		"C:/Qt/6.5.1/mingw_64/lib/cmake/Qt6/QtPublicAppleHelpers.cmake",
		"C:/Qt/6.5.1/mingw_64/lib/cmake/Qt6/QtPublicFinalizerHelpers.cmake",
		"C:/Qt/6.5.1/mingw_64/lib/cmake/Qt6/QtPublicPluginHelpers.cmake",
		"C:/Qt/6.5.1/mingw_64/lib/cmake/Qt6/QtPublicTargetHelpers.cmake",
		"C:/Qt/6.5.1/mingw_64/lib/cmake/Qt6/QtPublicWalkLibsHelpers.cmake",
		"C:/Qt/6.5.1/mingw_64/lib/cmake/Qt6/QtPublicFindPackageHelpers.cmake",
		"C:/Qt/6.5.1/mingw_64/lib/cmake/Qt6/QtPublicDependencyHelpers.cmake",
		"C:/Qt/6.5.1/mingw_64/lib/cmake/Qt6/QtPublicTestHelpers.cmake",
		"C:/Qt/6.5.1/mingw_64/lib/cmake/Qt6/QtPublicToolHelpers.cmake",
		"C:/Qt/6.5.1/mingw_64/lib/cmake/Qt6/QtPublicCMakeHelpers.cmake",
		"C:/Qt/Tools/CMake_64/share/cmake-3.24/Modules/CMakeFindDependencyMacro.cmake",
		"C:/Qt/6.5.1/mingw_64/lib/cmake/Qt6/Qt6Dependencies.cmake",
		"C:/Qt/Tools/CMake_64/share/cmake-3.24/Modules/FindThreads.cmake",
		"C:/Qt/Tools/CMake_64/share/cmake-3.24/Modules/CheckLibraryExists.cmake",
		"C:/Qt/Tools/CMake_64/share/cmake-3.24/Modules/CheckIncludeFileCXX.cmake",
		"C:/Qt/Tools/CMake_64/share/cmake-3.24/Modules/CheckCXXSourceCompiles.cmake",
		"C:/Qt/Tools/CMake_64/share/cmake-3.24/Modules/FindPackageHandleStandardArgs.cmake",
		"C:/Qt/Tools/CMake_64/share/cmake-3.24/Modules/FindPackageMessage.cmake",
		"C:/Qt/6.5.1/mingw_64/lib/cmake/Qt6/Qt6ConfigVersion.cmake",
		"C:/Qt/6.5.1/mingw_64/lib/cmake/Qt6/Qt6ConfigVersionImpl.cmake",
		"C:/Qt/6.5.1/mingw_64/lib/cmake/Qt6/Qt6Config.cmake",
		"C:/Qt/6.5.1/mingw_64/lib/cmake/Qt6/Qt6ConfigExtras.cmake",
		"C:/Qt/6.5.1/mingw_64/lib/cmake/Qt6/QtPublicCMakeVersionHelpers.cmake",
		"C:/Qt/6.5.1/mingw_64/lib/cmake/Qt6/Qt6Targets.cmake",
		"C:/Qt/6.5.1/mingw_64/lib/cmake/Qt6/Qt6VersionlessTargets.cmake",
		"C:/Qt/6.5.1/mingw_64/lib/cmake/Qt6/QtFeature.cmake",
		"C:/Qt/6.5.1/mingw_64/lib/cmake/Qt6/QtFeatureCommon.cmake",
		"C:/Qt/Tools/CMake_64/share/cmake-3.24/Modules/CheckCXXCompilerFlag.cmake",
		"C:/Qt/6.5.1/mingw_64/lib/cmake/Qt6/QtPublicAppleHelpers.cmake",
		"C:/Qt/6.5.1/mingw_64/lib/cmake/Qt6/QtPublicFinalizerHelpers.cmake",
		"C:/Qt/6.5.1/mingw_64/lib/cmake/Qt6/QtPublicPluginHelpers.cmake",
		"C:/Qt/6.5.1/mingw_64/lib/cmake/Qt6/QtPublicTargetHelpers.cmake",
		"C:/Qt/6.5.1/mingw_64/lib/cmake/Qt6/QtPublicWalkLibsHelpers.cmake",
		"C:/Qt/6.5.1/mingw_64/lib/cmake/Qt6/QtPublicFindPackageHelpers.cmake",
		"C:/Qt/6.5.1/mingw_64/lib/cmake/Qt6/QtPublicDependencyHelpers.cmake",
		"C:/Qt/6.5.1/mingw_64/lib/cmake/Qt6/QtPublicTestHelpers.cmake",
		"C:/Qt/6.5.1/mingw_64/lib/cmake/Qt6/QtPublicToolHelpers.cmake",
		"C:/Qt/6.5.1/mingw_64/lib/cmake/Qt6/QtPublicCMakeHelpers.cmake",
		"C:/Qt/Tools/CMake_64/share/cmake-3.24/Modules/CMakeFindDependencyMacro.cmake",
		"C:/Qt/6.5.1/mingw_64/lib/cmake/Qt6/Qt6Dependencies.cmake",
		"C:/Qt/Tools/CMake_64/share/cmake-3.24/Modules/FindThreads.cmake",
		"C:/Qt/Tools/CMake_64/share/cmake-3.24/Modules/CheckLibraryExists.cmake",
		"C:/Qt/Tools/CMake_64/share/cmake-3.24/Modules/CheckIncludeFileCXX.cmake",
		"C:/Qt/Tools/CMake_64/share/cmake-3.24/Modules/CheckCXXSourceCompiles.cmake",
		"C:/Qt/Tools/CMake_64/share/cmake-3.24/Modules/FindPackageHandleStandardArgs.cmake",
		"C:/Qt/Tools/CMake_64/share/cmake-3.24/Modules/FindPackageMessage.cmake",
		"C:/Qt/6.5.1/mingw_64/lib/cmake/Qt6Widgets/Qt6WidgetsConfigVersion.cmake",
		"C:/Qt/6.5.1/mingw_64/lib/cmake/Qt6Widgets/Qt6WidgetsConfigVersionImpl.cmake",
		"C:/Qt/6.5.1/mingw_64/lib/cmake/Qt6Widgets/Qt6WidgetsConfig.cmake",
		"C:/Qt/Tools/CMake_64/share/cmake-3.24/Modules/CMakeFindDependencyMacro.cmake",
		"C:/Qt/6.5.1/mingw_64/lib/cmake/Qt6Widgets/Qt6WidgetsDependencies.cmake",
		"C:/Qt/6.5.1/mingw_64/lib/cmake/Qt6WidgetsTools/Qt6WidgetsToolsConfigVersion.cmake",
		"C:/Qt/6.5.1/mingw_64/lib/cmake/Qt6WidgetsTools/Qt6WidgetsToolsConfigVersionImpl.cmake",
		"C:/Qt/6.5.1/mingw_64/lib/cmake/Qt6WidgetsTools/Qt6WidgetsToolsConfig.cmake",
		"C:/Qt/Tools/CMake_64/share/cmake-3.24/Modules/CMakeFindDependencyMacro.cmake",
		"C:/Qt/6.5.1/mingw_64/lib/cmake/Qt6WidgetsTools/Qt6WidgetsToolsDependencies.cmake",
		"C:/Qt/6.5.1/mingw_64/lib/cmake/Qt6CoreTools/Qt6CoreToolsConfigVersion.cmake",
		"C:/Qt/6.5.1/mingw_64/lib/cmake/Qt6CoreTools/Qt6CoreToolsConfigVersionImpl.cmake",
		"C:/Qt/6.5.1/mingw_64/lib/cmake/Qt6CoreTools/Qt6CoreToolsConfig.cmake",
		"C:/Qt/Tools/CMake_64/share/cmake-3.24/Modules/CMakeFindDependencyMacro.cmake",
		"C:/Qt/6.5.1/mingw_64/lib/cmake/Qt6CoreTools/Qt6CoreToolsDependencies.cmake",
		"C:/Qt/6.5.1/mingw_64/lib/cmake/Qt6CoreTools/Qt6CoreToolsTargets.cmake",
		"C:/Qt/6.5.1/mingw_64/lib/cmake/Qt6CoreTools/Qt6CoreToolsTargets-relwithdebinfo.cmake",
		"C:/Qt/6.5.1/mingw_64/lib/cmake/Qt6CoreTools/Qt6CoreToolsAdditionalTargetInfo.cmake",
		"C:/Qt/6.5.1/mingw_64/lib/cmake/Qt6CoreTools/Qt6CoreToolsVersionlessTargets.cmake",
		"C:/Qt/6.5.1/mingw_64/lib/cmake/Qt6GuiTools/Qt6GuiToolsConfigVersion.cmake",
		"C:/Qt/6.5.1/mingw_64/lib/cmake/Qt6GuiTools/Qt6GuiToolsConfigVersionImpl.cmake",
		"C:/Qt/6.5.1/mingw_64/lib/cmake/Qt6GuiTools/Qt6GuiToolsConfig.cmake",
		"C:/Qt/Tools/CMake_64/share/cmake-3.24/Modules/CMakeFindDependencyMacro.cmake",
		"C:/Qt/6.5.1/mingw_64/lib/cmake/Qt6GuiTools/Qt6GuiToolsDependencies.cmake",
		"C:/Qt/6.5.1/mingw_64/lib/cmake/Qt6GuiTools/Qt6GuiToolsTargets.cmake",
		"C:/Qt/6.5.1/mingw_64/lib/cmake/Qt6GuiTools/Qt6GuiToolsTargets-relwithdebinfo.cmake",
		"C:/Qt/6.5.1/mingw_64/lib/cmake/Qt6GuiTools/Qt6GuiToolsAdditionalTargetInfo.cmake",
		"C:/Qt/6.5.1/mingw_64/lib/cmake/Qt6GuiTools/Qt6GuiToolsVersionlessTargets.cmake",
		"C:/Qt/6.5.1/mingw_64/lib/cmake/Qt6WidgetsTools/Qt6WidgetsToolsTargets.cmake",
		"C:/Qt/6.5.1/mingw_64/lib/cmake/Qt6WidgetsTools/Qt6WidgetsToolsTargets-relwithdebinfo.cmake",
		"C:/Qt/6.5.1/mingw_64/lib/cmake/Qt6WidgetsTools/Qt6WidgetsToolsAdditionalTargetInfo.cmake",
		"C:/Qt/6.5.1/mingw_64/lib/cmake/Qt6WidgetsTools/Qt6WidgetsToolsVersionlessTargets.cmake",
		"C:/Qt/6.5.1/mingw_64/lib/cmake/Qt6Core/Qt6CoreConfigVersion.cmake",
		"C:/Qt/6.5.1/mingw_64/lib/cmake/Qt6Core/Qt6CoreConfigVersionImpl.cmake",
		"C:/Qt/6.5.1/mingw_64/lib/cmake/Qt6Core/Qt6CoreConfig.cmake",
		"C:/Qt/Tools/CMake_64/share/cmake-3.24/Modules/CMakeFindDependencyMacro.cmake",
		"C:/Qt/6.5.1/mingw_64/lib/cmake/Qt6Core/Qt6CoreDependencies.cmake",
		"C:/Qt/6.5.1/mingw_64/lib/cmake/Qt6/FindWrapAtomic.cmake",
		"C:/Qt/Tools/CMake_64/share/cmake-3.24/Modules/CheckCXXSourceCompiles.cmake",
		"C:/Qt/Tools/CMake_64/share/cmake-3.24/Modules/FindPackageHandleStandardArgs.cmake",
		"C:/Qt/Tools/CMake_64/share/cmake-3.24/Modules/FindPackageMessage.cmake",
		"C:/Qt/6.5.1/mingw_64/lib/cmake/Qt6CoreTools/Qt6CoreToolsConfigVersion.cmake",
		"C:/Qt/6.5.1/mingw_64/lib/cmake/Qt6CoreTools/Qt6CoreToolsConfigVersionImpl.cmake",
		"C:/Qt/6.5.1/mingw_64/lib/cmake/Qt6CoreTools/Qt6CoreToolsConfig.cmake",
		"C:/Qt/Tools/CMake_64/share/cmake-3.24/Modules/CMakeFindDependencyMacro.cmake",
		"C:/Qt/6.5.1/mingw_64/lib/cmake/Qt6CoreTools/Qt6CoreToolsDependencies.cmake",
		"C:/Qt/6.5.1/mingw_64/lib/cmake/Qt6CoreTools/Qt6CoreToolsTargets.cmake",
		"C:/Qt/6.5.1/mingw_64/lib/cmake/Qt6CoreTools/Qt6CoreToolsAdditionalTargetInfo.cmake",
		"C:/Qt/6.5.1/mingw_64/lib/cmake/Qt6CoreTools/Qt6CoreToolsVersionlessTargets.cmake",
		"C:/Qt/6.5.1/mingw_64/lib/cmake/Qt6ZlibPrivate/Qt6ZlibPrivateConfigVersion.cmake",
		"C:/Qt/6.5.1/mingw_64/lib/cmake/Qt6ZlibPrivate/Qt6ZlibPrivateConfigVersionImpl.cmake",
		"C:/Qt/6.5.1/mingw_64/lib/cmake/Qt6ZlibPrivate/Qt6ZlibPrivateConfig.cmake",
		"C:/Qt/Tools/CMake_64/share/cmake-3.24/Modules/CMakeFindDependencyMacro.cmake",
		"C:/Qt/6.5.1/mingw_64/lib/cmake/Qt6ZlibPrivate/Qt6ZlibPrivateTargets.cmake",
		"C:/Qt/6.5.1/mingw_64/lib/cmake/Qt6ZlibPrivate/Qt6ZlibPrivateAdditionalTargetInfo.cmake",
		"C:/Qt/6.5.1/mingw_64/lib/cmake/Qt6ZlibPrivate/Qt6ZlibPrivateVersionlessTargets.cmake",
		"C:/Qt/6.5.1/mingw_64/lib/cmake/Qt6EntryPointPrivate/Qt6EntryPointPrivateConfigVersion.cmake",
		"C:/Qt/6.5.1/mingw_64/lib/cmake/Qt6EntryPointPrivate/Qt6EntryPointPrivateConfigVersionImpl.cmake",
		"C:/Qt/6.5.1/mingw_64/lib/cmake/Qt6EntryPointPrivate/Qt6EntryPointPrivateConfig.cmake",
		"C:/Qt/Tools/CMake_64/share/cmake-3.24/Modules/CMakeFindDependencyMacro.cmake",
		"C:/Qt/6.5.1/mingw_64/lib/cmake/Qt6EntryPointPrivate/Qt6EntryPointPrivateTargets.cmake",
		"C:/Qt/6.5.1/mingw_64/lib/cmake/Qt6EntryPointPrivate/Qt6EntryPointPrivateTargets-relwithdebinfo.cmake",
		"C:/Qt/6.5.1/mingw_64/lib/cmake/Qt6EntryPointPrivate/Qt6EntryPointPrivateAdditionalTargetInfo.cmake",
		"C:/Qt/6.5.1/mingw_64/lib/cmake/Qt6EntryPointPrivate/Qt6EntryPointPrivateVersionlessTargets.cmake",
		"C:/Qt/6.5.1/mingw_64/lib/cmake/Qt6EntryPointPrivate/Qt6EntryPointMinGW32Target.cmake",
		"C:/Qt/6.5.1/mingw_64/lib/cmake/Qt6Core/Qt6CoreTargets.cmake",
		"C:/Qt/6.5.1/mingw_64/lib/cmake/Qt6Core/Qt6CoreTargets-relwithdebinfo.cmake",
		"C:/Qt/6.5.1/mingw_64/lib/cmake/Qt6Core/Qt6CoreAdditionalTargetInfo.cmake",
		"C:/Qt/6.5.1/mingw_64/lib/cmake/Qt6Core/Qt6CoreVersionlessTargets.cmake",
		"C:/Qt/6.5.1/mingw_64/lib/cmake/Qt6Core/Qt6CoreMacros.cmake",
		"C:/Qt/6.5.1/mingw_64/lib/cmake/Qt6Core/Qt6CoreConfigExtras.cmake",
		"C:/Qt/6.5.1/mingw_64/lib/cmake/Qt6Core/QtInstallPaths.cmake",
		"C:/Qt/Tools/CMake_64/share/cmake-3.24/Modules/GNUInstallDirs.cmake",
		"C:/Qt/6.5.1/mingw_64/lib/cmake/Qt6Gui/Qt6GuiConfigVersion.cmake",
		"C:/Qt/6.5.1/mingw_64/lib/cmake/Qt6Gui/Qt6GuiConfigVersionImpl.cmake",
		"C:/Qt/6.5.1/mingw_64/lib/cmake/Qt6Gui/Qt6GuiConfig.cmake",
		"C:/Qt/Tools/CMake_64/share/cmake-3.24/Modules/CMakeFindDependencyMacro.cmake",
		"C:/Qt/6.5.1/mingw_64/lib/cmake/Qt6Gui/Qt6GuiDependencies.cmake",
		"C:/Qt/6.5.1/mingw_64/lib/cmake/Qt6/FindWrapVulkanHeaders.cmake",
		"C:/Qt/Tools/CMake_64/share/cmake-3.24/Modules/FindVulkan.cmake",
		"C:/Qt/Tools/CMake_64/share/cmake-3.24/Modules/FindPackageHandleStandardArgs.cmake",
		"C:/Qt/Tools/CMake_64/share/cmake-3.24/Modules/FindPackageMessage.cmake",
		"C:/Qt/Tools/CMake_64/share/cmake-3.24/Modules/FindPackageHandleStandardArgs.cmake",
		"C:/Qt/Tools/CMake_64/share/cmake-3.24/Modules/FindPackageMessage.cmake",
		"C:/Qt/6.5.1/mingw_64/lib/cmake/Qt6GuiTools/Qt6GuiToolsConfigVersion.cmake",
		"C:/Qt/6.5.1/mingw_64/lib/cmake/Qt6GuiTools/Qt6GuiToolsConfigVersionImpl.cmake",
		"C:/Qt/6.5.1/mingw_64/lib/cmake/Qt6GuiTools/Qt6GuiToolsConfig.cmake",
		"C:/Qt/Tools/CMake_64/share/cmake-3.24/Modules/CMakeFindDependencyMacro.cmake",
		"C:/Qt/6.5.1/mingw_64/lib/cmake/Qt6GuiTools/Qt6GuiToolsDependencies.cmake",
		"C:/Qt/6.5.1/mingw_64/lib/cmake/Qt6GuiTools/Qt6GuiToolsTargets.cmake",
		"C:/Qt/6.5.1/mingw_64/lib/cmake/Qt6GuiTools/Qt6GuiToolsAdditionalTargetInfo.cmake",
		"C:/Qt/6.5.1/mingw_64/lib/cmake/Qt6GuiTools/Qt6GuiToolsVersionlessTargets.cmake",
		"C:/Qt/6.5.1/mingw_64/lib/cmake/Qt6Gui/Qt6GuiTargets.cmake",
		"C:/Qt/6.5.1/mingw_64/lib/cmake/Qt6Gui/Qt6GuiTargets-relwithdebinfo.cmake",
		"C:/Qt/6.5.1/mingw_64/lib/cmake/Qt6Gui/Qt6GuiAdditionalTargetInfo.cmake",
		"C:/Qt/6.5.1/mingw_64/lib/cmake/Qt6Gui/Qt6GuiVersionlessTargets.cmake",
		"C:/Qt/6.5.1/mingw_64/lib/cmake/Qt6Gui/Qt6GuiPlugins.cmake",
		"C:/Qt/6.5.1/mingw_64/lib/cmake/Qt6Gui/Qt6QGifPluginConfig.cmake",
		"C:/Qt/Tools/CMake_64/share/cmake-3.24/Modules/CMakeFindDependencyMacro.cmake",
		"C:/Qt/6.5.1/mingw_64/lib/cmake/Qt6Gui/Qt6QGifPluginTargets.cmake",
		"C:/Qt/6.5.1/mingw_64/lib/cmake/Qt6Gui/Qt6QGifPluginTargets-relwithdebinfo.cmake",
		"C:/Qt/6.5.1/mingw_64/lib/cmake/Qt6Gui/Qt6QGifPluginAdditionalTargetInfo.cmake",
		"C:/Qt/6.5.1/mingw_64/lib/cmake/Qt6Gui/Qt6QICOPluginConfig.cmake",
		"C:/Qt/Tools/CMake_64/share/cmake-3.24/Modules/CMakeFindDependencyMacro.cmake",
		"C:/Qt/6.5.1/mingw_64/lib/cmake/Qt6Gui/Qt6QICOPluginTargets.cmake",
		"C:/Qt/6.5.1/mingw_64/lib/cmake/Qt6Gui/Qt6QICOPluginTargets-relwithdebinfo.cmake",
		"C:/Qt/6.5.1/mingw_64/lib/cmake/Qt6Gui/Qt6QICOPluginAdditionalTargetInfo.cmake",
		"C:/Qt/6.5.1/mingw_64/lib/cmake/Qt6Gui/Qt6QJpegPluginConfig.cmake",
		"C:/Qt/Tools/CMake_64/share/cmake-3.24/Modules/CMakeFindDependencyMacro.cmake",
		"C:/Qt/6.5.1/mingw_64/lib/cmake/Qt6Gui/Qt6QJpegPluginTargets.cmake",
		"C:/Qt/6.5.1/mingw_64/lib/cmake/Qt6Gui/Qt6QJpegPluginTargets-relwithdebinfo.cmake",
		"C:/Qt/6.5.1/mingw_64/lib/cmake/Qt6Gui/Qt6QJpegPluginAdditionalTargetInfo.cmake",
		"C:/Qt/6.5.1/mingw_64/lib/cmake/Qt6Gui/Qt6QMinimalIntegrationPluginConfig.cmake",
		"C:/Qt/Tools/CMake_64/share/cmake-3.24/Modules/CMakeFindDependencyMacro.cmake",
		"C:/Qt/6.5.1/mingw_64/lib/cmake/Qt6Gui/Qt6QMinimalIntegrationPluginTargets.cmake",
		"C:/Qt/6.5.1/mingw_64/lib/cmake/Qt6Gui/Qt6QMinimalIntegrationPluginTargets-relwithdebinfo.cmake",
		"C:/Qt/6.5.1/mingw_64/lib/cmake/Qt6Gui/Qt6QMinimalIntegrationPluginAdditionalTargetInfo.cmake",
		"C:/Qt/6.5.1/mingw_64/lib/cmake/Qt6Gui/Qt6QOffscreenIntegrationPluginConfig.cmake",
		"C:/Qt/Tools/CMake_64/share/cmake-3.24/Modules/CMakeFindDependencyMacro.cmake",
		"C:/Qt/6.5.1/mingw_64/lib/cmake/Qt6Gui/Qt6QOffscreenIntegrationPluginTargets.cmake",
		"C:/Qt/6.5.1/mingw_64/lib/cmake/Qt6Gui/Qt6QOffscreenIntegrationPluginTargets-relwithdebinfo.cmake",
		"C:/Qt/6.5.1/mingw_64/lib/cmake/Qt6Gui/Qt6QOffscreenIntegrationPluginAdditionalTargetInfo.cmake",
		"C:/Qt/6.5.1/mingw_64/lib/cmake/Qt6Gui/Qt6QSvgIconPluginConfig.cmake",
		"C:/Qt/Tools/CMake_64/share/cmake-3.24/Modules/CMakeFindDependencyMacro.cmake",
		"C:/Qt/6.5.1/mingw_64/lib/cmake/Qt6Gui/Qt6QSvgIconPluginTargets.cmake",
		"C:/Qt/6.5.1/mingw_64/lib/cmake/Qt6Gui/Qt6QSvgIconPluginTargets-relwithdebinfo.cmake",
		"C:/Qt/6.5.1/mingw_64/lib/cmake/Qt6Gui/Qt6QSvgIconPluginAdditionalTargetInfo.cmake",
		"C:/Qt/6.5.1/mingw_64/lib/cmake/Qt6Gui/Qt6QSvgPluginConfig.cmake",
		"C:/Qt/Tools/CMake_64/share/cmake-3.24/Modules/CMakeFindDependencyMacro.cmake",
		"C:/Qt/6.5.1/mingw_64/lib/cmake/Qt6Gui/Qt6QSvgPluginTargets.cmake",
		"C:/Qt/6.5.1/mingw_64/lib/cmake/Qt6Gui/Qt6QSvgPluginTargets-relwithdebinfo.cmake",
		"C:/Qt/6.5.1/mingw_64/lib/cmake/Qt6Gui/Qt6QSvgPluginAdditionalTargetInfo.cmake",
		"C:/Qt/6.5.1/mingw_64/lib/cmake/Qt6Gui/Qt6QTuioTouchPluginConfig.cmake",
		"C:/Qt/Tools/CMake_64/share/cmake-3.24/Modules/CMakeFindDependencyMacro.cmake",
		"C:/Qt/6.5.1/mingw_64/lib/cmake/Qt6Gui/Qt6QTuioTouchPluginTargets.cmake",
		"C:/Qt/6.5.1/mingw_64/lib/cmake/Qt6Gui/Qt6QTuioTouchPluginTargets-relwithdebinfo.cmake",
		"C:/Qt/6.5.1/mingw_64/lib/cmake/Qt6Gui/Qt6QTuioTouchPluginAdditionalTargetInfo.cmake",
		"C:/Qt/6.5.1/mingw_64/lib/cmake/Qt6Gui/Qt6QWindowsDirect2DIntegrationPluginConfig.cmake",
		"C:/Qt/Tools/CMake_64/share/cmake-3.24/Modules/CMakeFindDependencyMacro.cmake",
		"C:/Qt/6.5.1/mingw_64/lib/cmake/Qt6Gui/Qt6QWindowsDirect2DIntegrationPluginTargets.cmake",
		"C:/Qt/6.5.1/mingw_64/lib/cmake/Qt6Gui/Qt6QWindowsDirect2DIntegrationPluginTargets-relwithdebinfo.cmake",
		"C:/Qt/6.5.1/mingw_64/lib/cmake/Qt6Gui/Qt6QWindowsDirect2DIntegrationPluginAdditionalTargetInfo.cmake",
		"C:/Qt/6.5.1/mingw_64/lib/cmake/Qt6Gui/Qt6QWindowsIntegrationPluginConfig.cmake",
		"C:/Qt/Tools/CMake_64/share/cmake-3.24/Modules/CMakeFindDependencyMacro.cmake",
		"C:/Qt/6.5.1/mingw_64/lib/cmake/Qt6Gui/Qt6QWindowsIntegrationPluginTargets.cmake",
		"C:/Qt/6.5.1/mingw_64/lib/cmake/Qt6Gui/Qt6QWindowsIntegrationPluginTargets-relwithdebinfo.cmake",
		"C:/Qt/6.5.1/mingw_64/lib/cmake/Qt6Gui/Qt6QWindowsIntegrationPluginAdditionalTargetInfo.cmake",
		"C:/Qt/6.5.1/mingw_64/lib/cmake/Qt6Widgets/Qt6WidgetsTargets.cmake",
		"C:/Qt/6.5.1/mingw_64/lib/cmake/Qt6Widgets/Qt6WidgetsTargets-relwithdebinfo.cmake",
		"C:/Qt/6.5.1/mingw_64/lib/cmake/Qt6Widgets/Qt6WidgetsAdditionalTargetInfo.cmake",
		"C:/Qt/6.5.1/mingw_64/lib/cmake/Qt6Widgets/Qt6WidgetsVersionlessTargets.cmake",
		"C:/Qt/6.5.1/mingw_64/lib/cmake/Qt6Widgets/Qt6WidgetsMacros.cmake",
		"C:/Qt/6.5.1/mingw_64/lib/cmake/Qt6Widgets/Qt6WidgetsPlugins.cmake",
		"C:/Qt/6.5.1/mingw_64/lib/cmake/Qt6Widgets/Qt6QWindowsVistaStylePluginConfig.cmake",
		"C:/Qt/Tools/CMake_64/share/cmake-3.24/Modules/CMakeFindDependencyMacro.cmake",
		"C:/Qt/6.5.1/mingw_64/lib/cmake/Qt6Widgets/Qt6QWindowsVistaStylePluginTargets.cmake",
		"C:/Qt/6.5.1/mingw_64/lib/cmake/Qt6Widgets/Qt6QWindowsVistaStylePluginTargets-relwithdebinfo.cmake",
		"C:/Qt/6.5.1/mingw_64/lib/cmake/Qt6Widgets/Qt6QWindowsVistaStylePluginAdditionalTargetInfo.cmake",
		"C:/Users/veltr/Desktop/QT-Projects/ProjectGenerator/res/resources.qrc"
	],
	"CMAKE_SOURCE_DIR" : "C:/Users/veltr/Desktop/QT-Projects/ProjectGenerator",
	"DEP_FILE" : "C:/Users/veltr/Desktop/build-ProjectGenerator-Desktop_Qt_6_5_1_MinGW_64_bit-Debug/ProjectGenerator_autogen/deps",
	"DEP_FILE_RULE_NAME" : "ProjectGenerator_autogen/timestamp",
	"HEADERS" : 
	[
		[
			"C:/Users/veltr/Desktop/QT-Projects/ProjectGenerator/include/appstate.h",
			"MU",
			"6YEA5652QU/moc_appstate.cpp",
			null
		],
		[
			"C:/Users/veltr/Desktop/QT-Projects/ProjectGenerator/include/contentCreatorHelper.h",
			"MU",
			"6YEA5652QU/moc_contentCreatorHelper.cpp",
			null
		],
		[
			"C:/Users/veltr/Desktop/QT-Projects/ProjectGenerator/include/filehelper.h",
			"MU",
			"6YEA5652QU/moc_filehelper.cpp",
			null
		],
		[
			"C:/Users/veltr/Desktop/QT-Projects/ProjectGenerator/include/mainwindow.h",
			"MU",
			"6YEA5652QU/moc_mainwindow.cpp",
			null
		]
	],
	"HEADER_EXTENSIONS" : [ "h", "hh", "h++", "hm", "hpp", "hxx", "in", "txx" ],
	"INCLUDE_DIR" : "C:/Users/veltr/Desktop/build-ProjectGenerator-Desktop_Qt_6_5_1_MinGW_64_bit-Debug/ProjectGenerator_autogen/include",
	"MOC_COMPILATION_FILE" : "C:/Users/veltr/Desktop/build-ProjectGenerator-Desktop_Qt_6_5_1_MinGW_64_bit-Debug/ProjectGenerator_autogen/mocs_compilation.cpp",
	"MOC_DEFINITIONS" : 
	[
		"MINGW_HAS_SECURE_API=1",
		"QT_CORE_LIB",
		"QT_GUI_LIB",
		"QT_NEEDS_QMAIN",
		"QT_WIDGETS_LIB",
		"UNICODE",
		"WIN32",
		"WIN64",
		"_ENABLE_EXTENDED_ALIGNED_STORAGE",
		"_UNICODE",
		"_WIN64"
	],
	"MOC_DEPEND_FILTERS" : 
	[
		[
			"Q_PLUGIN_METADATA",
			"[\n][ \t]*Q_PLUGIN_METADATA[ \t]*\\([^\\)]*FILE[ \t]*\"([^\"]+)\""
		]
	],
	"MOC_INCLUDES" : 
	[
		"C:/Qt/6.5.1/mingw_64/include/QtCore",
		"C:/Qt/6.5.1/mingw_64/include",
		"C:/Qt/6.5.1/mingw_64/mkspecs/win32-g++",
		"C:/Qt/6.5.1/mingw_64/include/QtWidgets",
		"C:/Qt/6.5.1/mingw_64/include/QtGui",
		"C:/Qt/Tools/mingw1120_64/lib/gcc/x86_64-w64-mingw32/11.2.0/include/c++",
		"C:/Qt/Tools/mingw1120_64/lib/gcc/x86_64-w64-mingw32/11.2.0/include/c++/x86_64-w64-mingw32",
		"C:/Qt/Tools/mingw1120_64/lib/gcc/x86_64-w64-mingw32/11.2.0/include/c++/backward",
		"C:/Qt/Tools/mingw1120_64/lib/gcc/x86_64-w64-mingw32/11.2.0/include",
		"C:/Qt/Tools/mingw1120_64/lib/gcc/x86_64-w64-mingw32/11.2.0/include-fixed",
		"C:/Qt/Tools/mingw1120_64/x86_64-w64-mingw32/include"
	],
	"MOC_MACRO_NAMES" : 
	[
		"Q_OBJECT",
		"Q_GADGET",
		"Q_NAMESPACE",
		"Q_NAMESPACE_EXPORT",
		"Q_GADGET_EXPORT"
	],
	"MOC_OPTIONS" : [],
	"MOC_PATH_PREFIX" : false,
	"MOC_PREDEFS_CMD" : 
	[
		"C:/Qt/Tools/mingw1120_64/bin/g++.exe",
		"-dM",
		"-E",
		"-c",
		"C:/Qt/Tools/CMake_64/share/cmake-3.24/Modules/CMakeCXXCompilerABI.cpp"
	],
	"MOC_PREDEFS_FILE" : "C:/Users/veltr/Desktop/build-ProjectGenerator-Desktop_Qt_6_5_1_MinGW_64_bit-Debug/ProjectGenerator_autogen/moc_predefs.h",
	"MOC_RELAXED_MODE" : false,
	"MOC_SKIP" : [],
	"MULTI_CONFIG" : false,
	"PARALLEL" : 4,
	"PARSE_CACHE_FILE" : "C:/Users/veltr/Desktop/build-ProjectGenerator-Desktop_Qt_6_5_1_MinGW_64_bit-Debug/CMakeFiles/ProjectGenerator_autogen.dir/ParseCache.txt",
	"QT_MOC_EXECUTABLE" : "C:/Qt/6.5.1/mingw_64/./bin/moc.exe",
	"QT_UIC_EXECUTABLE" : "C:/Qt/6.5.1/mingw_64/./bin/uic.exe",
	"QT_VERSION_MAJOR" : 6,
	"QT_VERSION_MINOR" : 5,
	"SETTINGS_FILE" : "C:/Users/veltr/Desktop/build-ProjectGenerator-Desktop_Qt_6_5_1_MinGW_64_bit-Debug/CMakeFiles/ProjectGenerator_autogen.dir/AutogenUsed.txt",
	"SOURCES" : 
	[
		[
			"C:/Users/veltr/Desktop/QT-Projects/ProjectGenerator/src/appstate.cpp",
			"MU",
			null
		],
		[
			"C:/Users/veltr/Desktop/QT-Projects/ProjectGenerator/src/contentCreatorHelper.cpp",
			"MU",
			null
		],
		[
			"C:/Users/veltr/Desktop/QT-Projects/ProjectGenerator/src/main.cpp",
			"MU",
			null
		],
		[
			"C:/Users/veltr/Desktop/QT-Projects/ProjectGenerator/src/mainwindow.cpp",
			"MU",
			null
		]
	],
	"UIC_OPTIONS" : [],
	"UIC_SEARCH_PATHS" : [],
	"UIC_SKIP" : [],
	"UIC_UI_FILES" : [],
	"VERBOSITY" : 0
}
